crypto,order_used,num_test_rebalances,test_mae,test_rmse,test_r2
TRXUSDT,"(0, 0, 0)",39,0.032737301113502135,0.04214916399597202,-0.03092008343423802
BTCUSDT,"(0, 0, 0)",39,0.04189758342229329,0.05298543942268752,-0.012030385628099216
BNBUSDT,"(0, 0, 1)",39,0.05331494523921576,0.07583277364184227,-0.008179778315216657
BCHUSDT,"(3, 0, 2)",39,0.06044233469570608,0.07640171322863226,-0.03997885392858569
XRPUSDT,"(3, 1, 3)",39,0.07455214412484454,0.0991573548363931,-0.08984959795578695
SOLUSDT,"(1, 0, 1)",39,0.08321129643219274,0.10621607084045125,0.0037815040071890182
ADAUSDT,"(3, 0, 3)",39,0.09011805461488823,0.11343997624868671,-0.040366494921380225
ETHUSDT,"(0, 0, 1)",39,0.08564288539648165,0.12372557715003213,-0.01153069365345405
