crypto,order_used,num_test_rebalances,test_mae,test_rmse,test_r2
TRXUSDT,"(0, 0, 0)",39,0.032737301078964894,0.04214916394857501,-0.03092008111568534
BTCUSDT,"(0, 0, 0)",39,0.04189758342224686,0.05298543942267447,-0.012030385627600504
BCHUSDT,"(1, 0, 0)",39,0.059670951006664745,0.07555959346704567,-0.01717936077869875
BNBUSDT,"(0, 0, 1)",39,0.053314945239276317,0.07583277364195415,-0.00817977831819161
XRPUSDT,"(1, 1, 3)",39,0.0747660345291528,0.09929239622346618,-0.09282012938192552
SOLUSDT,"(1, 0, 1)",39,0.0832112870114894,0.10621606583469032,0.0037815979069438788
ADAUSDT,"(2, 1, 3)",39,0.09065110172400798,0.11495754886945524,-0.06838822721661941
ETHUSDT,"(0, 0, 1)",39,0.08564288539654201,0.12372557715003242,-0.011530693653458712
